-- Muestra de datos
INSERT INTO USUARIO.CLIENTE (CODIGO, NOMBRE, GENERO) VALUES (6, 'Arnulfa', 'f');
INSERT INTO USUARIO.CLIENTE (CODIGO, NOMBRE, GENERO) VALUES (7, 'Benito', 'f');
INSERT INTO USUARIO.CLIENTE (CODIGO, NOMBRE, GENERO) VALUES (1, 'Santiago', 'm');
INSERT INTO USUARIO.CLIENTE (CODIGO, NOMBRE, GENERO) VALUES (2, 'Manuela', null);
INSERT INTO USUARIO.CLIENTE (CODIGO, NOMBRE, GENERO) VALUES (3, 'Camila', null);
INSERT INTO USUARIO.CLIENTE (CODIGO, NOMBRE, GENERO) VALUES (4, 'Michael', 'm');
INSERT INTO USUARIO.CLIENTE (CODIGO, NOMBRE, GENERO) VALUES (5, 'Valentin', 'm');

INSERT INTO USUARIO.EMPLEADO (CODIGO, NOM, SALARIO) VALUES (10, 'Ana', 100);
INSERT INTO USUARIO.EMPLEADO (CODIGO, NOM, SALARIO) VALUES (22, 'Lisa', 200);
INSERT INTO USUARIO.EMPLEADO (CODIGO, NOM, SALARIO) VALUES (33, 'Bill', 300);
INSERT INTO USUARIO.EMPLEADO (CODIGO, NOM, SALARIO) VALUES (44, 'Jhon', 900);

INSERT INTO USUARIO.PRODUCTO (CODIGO, NOMBRE, TIPO, MARCA) VALUES (1, 'Salchichas', 'Carnicos', 'Colanta');
INSERT INTO USUARIO.PRODUCTO (CODIGO, NOMBRE, TIPO, MARCA) VALUES (2, 'Chorizos', 'Carnicos', 'Colanta');
INSERT INTO USUARIO.PRODUCTO (CODIGO, NOMBRE, TIPO, MARCA) VALUES (3, 'Queso', 'Lacteos', 'Colanta');
INSERT INTO USUARIO.PRODUCTO (CODIGO, NOMBRE, TIPO, MARCA) VALUES (4, 'Quesito', 'Lacteos', 'Alpina');
INSERT INTO USUARIO.PRODUCTO (CODIGO, NOMBRE, TIPO, MARCA) VALUES (5, 'Cerdo', 'Carnicos', 'Alpina');
INSERT INTO USUARIO.PRODUCTO (CODIGO, NOMBRE, TIPO, MARCA) VALUES (6, 'Pollo', 'Carnicos', 'MacPollo');
INSERT INTO USUARIO.PRODUCTO (CODIGO, NOMBRE, TIPO, MARCA) VALUES (7, 'Solomo', 'Carnicos', 'Bragnos');

INSERT INTO USUARIO.SUCURSAL (CODIGO, NOMBRE) VALUES (1, 'Exito Robledo');
INSERT INTO USUARIO.SUCURSAL (CODIGO, NOMBRE) VALUES (2, 'Exito Envigado');
INSERT INTO USUARIO.SUCURSAL (CODIGO, NOMBRE) VALUES (3, 'Jumbo');
INSERT INTO USUARIO.SUCURSAL (CODIGO, NOMBRE) VALUES (4, 'Exito San Antonio');
INSERT INTO USUARIO.SUCURSAL (CODIGO, NOMBRE) VALUES (5, 'Surtimax Marinilla');

INSERT INTO USUARIO.VENDEDOR (CODIGO, NOMBRE) VALUES (1, 'Ellen Barazzo');
INSERT INTO USUARIO.VENDEDOR (CODIGO, NOMBRE) VALUES (2, 'Chucky Damian');
INSERT INTO USUARIO.VENDEDOR (CODIGO, NOMBRE) VALUES (3, 'Pacho Arboleda');
INSERT INTO USUARIO.VENDEDOR (CODIGO, NOMBRE) VALUES (4, 'Zapata');

INSERT INTO USUARIO.VENTA (CODVENTA, SUCURSAL, VENDEDOR, CLIENTE, PRODUCTO, NRO_UNIDADES) VALUES (1, 1, 1, 5, 4, 50);
INSERT INTO USUARIO.VENTA (CODVENTA, SUCURSAL, VENDEDOR, CLIENTE, PRODUCTO, NRO_UNIDADES) VALUES (2, 1, 2, 5, 5, 20);
INSERT INTO USUARIO.VENTA (CODVENTA, SUCURSAL, VENDEDOR, CLIENTE, PRODUCTO, NRO_UNIDADES) VALUES (3, 3, 1, 4, 2, 5);
INSERT INTO USUARIO.VENTA (CODVENTA, SUCURSAL, VENDEDOR, CLIENTE, PRODUCTO, NRO_UNIDADES) VALUES (4, 3, 1, 1, 1, 30);
INSERT INTO USUARIO.VENTA (CODVENTA, SUCURSAL, VENDEDOR, CLIENTE, PRODUCTO, NRO_UNIDADES) VALUES (5, 4, 2, 1, 1, 70);
INSERT INTO USUARIO.VENTA (CODVENTA, SUCURSAL, VENDEDOR, CLIENTE, PRODUCTO, NRO_UNIDADES) VALUES (6, 4, 1, 3, 4, 1);
INSERT INTO USUARIO.VENTA (CODVENTA, SUCURSAL, VENDEDOR, CLIENTE, PRODUCTO, NRO_UNIDADES) VALUES (7, 2, 1, 3, 3, 58);
INSERT INTO USUARIO.VENTA (CODVENTA, SUCURSAL, VENDEDOR, CLIENTE, PRODUCTO, NRO_UNIDADES) VALUES (8, 3, 2, 4, 3, 2);
INSERT INTO USUARIO.VENTA (CODVENTA, SUCURSAL, VENDEDOR, CLIENTE, PRODUCTO, NRO_UNIDADES) VALUES (9, 5, 4, 7, 1, 1000);
INSERT INTO USUARIO.VENTA (CODVENTA, SUCURSAL, VENDEDOR, CLIENTE, PRODUCTO, NRO_UNIDADES) VALUES (10, 2, 4, 7, 7, 300);
INSERT INTO USUARIO.VENTA (CODVENTA, SUCURSAL, VENDEDOR, CLIENTE, PRODUCTO, NRO_UNIDADES) VALUES (11, 3, 4, 4, 4, 70000);
INSERT INTO USUARIO.VENTA (CODVENTA, SUCURSAL, VENDEDOR, CLIENTE, PRODUCTO, NRO_UNIDADES) VALUES (12, 5, 3, 5, 4, 5700);
INSERT INTO USUARIO.VENTA (CODVENTA, SUCURSAL, VENDEDOR, CLIENTE, PRODUCTO, NRO_UNIDADES) VALUES (13, 4, 2, 3, 5, 48700);
INSERT INTO USUARIO.VENTA (CODVENTA, SUCURSAL, VENDEDOR, CLIENTE, PRODUCTO, NRO_UNIDADES) VALUES (14, 1, 4, 3, 6, 300);
INSERT INTO USUARIO.VENTA (CODVENTA, SUCURSAL, VENDEDOR, CLIENTE, PRODUCTO, NRO_UNIDADES) VALUES (15, 1, 1, 3, 6, 1400);
INSERT INTO USUARIO.VENTA (CODVENTA, SUCURSAL, VENDEDOR, CLIENTE, PRODUCTO, NRO_UNIDADES) VALUES (16, 2, 1, 7, 7, 30);
INSERT INTO USUARIO.VENTA (CODVENTA, SUCURSAL, VENDEDOR, CLIENTE, PRODUCTO, NRO_UNIDADES) VALUES (17, 4, 2, 6, 4, 10);
INSERT INTO USUARIO.VENTA (CODVENTA, SUCURSAL, VENDEDOR, CLIENTE, PRODUCTO, NRO_UNIDADES) VALUES (18, 3, 3, 1, 1, 250);
INSERT INTO USUARIO.VENTA (CODVENTA, SUCURSAL, VENDEDOR, CLIENTE, PRODUCTO, NRO_UNIDADES) VALUES (19, 4, 1, 1, 5, 960);
INSERT INTO USUARIO.VENTA (CODVENTA, SUCURSAL, VENDEDOR, CLIENTE, PRODUCTO, NRO_UNIDADES) VALUES (20, 5, 4, 6, 5, 30);